id,name,model_id/id,group_id/id,perm_read,perm_write,perm_create,perm_unlink
access_pos_order_cashier,pos.order cashier,point_of_sale.model_pos_order,izi_res_permissions.group_cashier,1,1,1,1
access_account_bank_statement_line_cashier,account.bank.statement.line cashier,account.model_account_bank_statement_line,izi_res_permissions.group_cashier,1,1,1,1
access_pos_order_line_cashier,pos.order.line cashier,point_of_sale.model_pos_order_line,izi_res_permissions.group_cashier,1,1,1,1
access_pos_session_cashier,pos.session cashier,point_of_sale.model_pos_session,izi_res_permissions.group_cashier,1,1,1,1
access_pos_config_cashier,pos.config cashier,point_of_sale.model_pos_config,izi_res_permissions.group_cashier,1,1,0,0
access_pos_customer_deposit_cashier,pos.customer.deposit cashier,pos_customer_deposit.model_pos_customer_deposit,izi_res_permissions.group_cashier,1,1,1,0
access_account_bank_statement_cashier,account.bank.statement cashier,account.model_account_bank_statement,izi_res_permissions.group_cashier,1,1,1,1
access_pos_pack_operation_lot_cashier,pos.pack.operation.lot cashier,point_of_sale.model_pos_pack_operation_lot,izi_res_permissions.group_cashier,1,1,1,1
access_stock_production_lot_cashier,stock.production.lot cashier,stock.model_stock_production_lot,izi_res_permissions.group_cashier,1,1,0,0
access_izi_service_card_detail_cashier,izi.service.card.detail cashier,izi_product_release.model_izi_service_card_detail,izi_res_permissions.group_cashier,1,1,1,0
access_izi_product_release_cashier,izi.product.release cashier,izi_product_release.model_izi_product_release,izi_res_permissions.group_cashier,1,0,0,0
access_res_partner_cashier,res.partner cashier,mail.model_res_partner,izi_res_permissions.group_cashier,1,1,0,0
access_crm_vip_customer_revenue_cashier,crm.vip.customer.revenue cashier,izi_vip.model_crm_vip_customer_revenue,izi_res_permissions.group_cashier,1,1,1,1
access_pos_sum_digital_sign_cashier,pos.sum.digital.sign cashier,pos_digital_sign_sum.model_pos_sum_digital_sign,izi_res_permissions.group_cashier,1,1,1,1
access_crm_lead_cashier,crm.lead cashier,crm.model_crm_lead,izi_res_permissions.group_cashier,1,1,1,1
access_stock_picking_cashier,stock.picking cashier,stock.model_stock_picking,izi_res_permissions.group_cashier,1,1,1,1
access_stock_move_cashier,stock.move cashier,stock.model_stock_move,izi_res_permissions.group_cashier,1,1,1,0
access_pos_debit_good_cashier,pos.debit.good cashier,pos_digital_sign_sum.model_pos_debit_good,izi_res_permissions.group_cashier,1,1,1,0
access_pos_debit_good_line_cashier,pos.debit.good.line cashier,izi_pos_debt_goods.model_pos_debit_good_line,izi_res_permissions.group_cashier,1,1,1,1
access_izi_pos_exchange_service_cashier,izi.pos.exchange.service cashier,pos_digital_sign_sum.model_izi_pos_exchange_service,izi_res_permissions.group_cashier,1,1,1,1
access_pos_revenue_allocation_cashier,pos.revenue.allocation cashier,pos_revenue_allocation.model_pos_revenue_allocation,izi_res_permissions.group_cashier,1,1,1,1
access_pos_revenue_allocation_line_cashier,pos.revenue.allocation.line cashier,pos_revenue_allocation.model_pos_revenue_allocation_line,izi_res_permissions.group_cashier,1,1,1,1
access_pos_customer_deposit_line_cashier,pos.customer.deposit.line cashier,pos_customer_deposit.model_pos_customer_deposit_line,izi_res_permissions.group_cashier,1,1,1,1
access_izi_service_card_using_cashier,izi.service.card.using cashier,pos_work_service_allocation.model_izi_service_card_using,izi_res_permissions.group_cashier,1,1,1,1
access_izi_service_card_using_line_cashier,izi.service.card.using.line cashier,izi_manage_room.model_izi_service_card_using_line,izi_res_permissions.group_cashier,1,1,1,1
access_pos_user_material_cashier,pos.user.material cashier,izi_use_service_card.model_pos_user_material,izi_res_permissions.group_cashier,1,1,1,1
access_izi_images_cashier,izi.images cashier,izi_use_service_card.model_izi_images,izi_res_permissions.group_cashier,1,1,1,1
access_pos_payment_service_cashier,pos.payment.service cashier,pos_payment_multi_currency.model_pos_payment_service,izi_res_permissions.group_cashier,1,1,1,1
access_pos_work_service_allocation_line_cashier,pos.work.service.allocation.line cashier,pos_work_service_allocation.model_pos_work_service_allocation_line,izi_res_permissions.group_cashier,1,0,0,0
access_tmp_service_card_using_cashier,tmp.service.card.using cashier,izi_use_service_card.model_tmp_service_card_using,izi_res_permissions.group_cashier,1,1,1,1
access_service_bom_cashier,service.bom cashier,izi_use_service_card.model_service_bom,izi_res_permissions.group_cashier,1,0,0,0
access_service_bom_line_cashier,service.bom.line cashier,izi_use_service_card.model_service_bom_line,izi_res_permissions.group_cashier,1,0,0,0
access_pos_virtual_money_cashier,pos.virtual.money cashier,izi_virtual_money.model_pos_virtual_money,izi_res_permissions.group_cashier,1,1,1,1
access_pos_virtual_money_history_cashier,pos.virtual.money.history cashier,izi_virtual_money.model_pos_virtual_money_history,izi_res_permissions.group_cashier,1,1,1,1
access_account_move_cashier,account.move cashier,account.model_account_move,izi_res_permissions.group_cashier,1,1,1,1
access_account_move_line_cashier,account.move.line cashier,account.model_account_move_line,izi_res_permissions.group_cashier,1,1,1,1
access_account_account_type_cashier,account.account.type cashier,account.model_account_account_type,izi_res_permissions.group_cashier,1,0,0,0
access_account_analytic_line_cashier,account.analytic.line cashier,analytic.model_account_analytic_line,izi_res_permissions.group_cashier,1,0,0,0
access_account_invoice_cashier,account.invoice cashier,account.model_account_invoice,izi_res_permissions.group_cashier,1,1,1,1
access_account_invoice_line_cashier,account.invoice.line cashier,account.model_account_invoice_line,izi_res_permissions.group_cashier,1,1,1,1
access_account_payment_cashier,account.payment cashier,account.model_account_payment,izi_res_permissions.group_cashier,1,1,1,1
access_account_partial_reconcile_cashier,account.partial.reconcile cashier,account.model_account_partial_reconcile,izi_res_permissions.group_cashier,1,1,1,1
access_izi_current_exchange_service_cashier,izi.current.exchange.service cashier,izi_pos_exchange_service.model_izi_current_exchange_service,izi_res_permissions.group_cashier,1,1,1,1
access_izi_new_exchange_service_cashier,izi.new.exchange.service cashier,izi_pos_exchange_service.model_izi_new_exchange_service,izi_res_permissions.group_cashier,1,1,1,1
access_account_invoice_tax_cashier,account.invoice.tax cashier,account.model_account_invoice_tax,izi_res_permissions.group_cashier,1,1,1,1
access_account_full_reconcile_cashier,account.full.reconcile cashier,account.model_account_full_reconcile,izi_res_permissions.group_cashier,1,1,1,1
access_pos_destroy_service_cashier,pos.destroy.service cashier,pos_digital_sign_sum.model_pos_destroy_service,izi_res_permissions.group_cashier,1,1,1,1
access_pos_destroy_service_line_cashier,pos.destroy.service.line cashier,pos_destroy_service.model_pos_destroy_service_line,izi_res_permissions.group_cashier,1,1,1,1
access_pos_destroy_service_line_detail_cashier,pos.destroy.service.line.detail cashier,pos_destroy_service.model_pos_destroy_service_line_detail,izi_res_permissions.group_cashier,1,1,1,1
access_pos_payment_destroy_service_cashier,pos.payment.destroy.service cashier,pos_destroy_service.model_pos_payment_destroy_service,izi_res_permissions.group_cashier,1,1,1,1
access_pos_service_room_cashier,pos.service.room cashier,izi_manage_room.model_pos_service_room,izi_res_permissions.group_cashier,1,0,0,0
access_pos_service_bed_cashier,pos.service.bed cashier,izi_view_sync.model_pos_service_bed,izi_res_permissions.group_cashier,1,0,0,0
access_product_delivery_line_cashier,product.delivery.line cashier,izi_product_in_out.model_product_delivery_line,izi_res_permissions.group_cashier,1,0,0,0
access_pos_change_payment_cashier,pos.change.payment cashier,izi_pos_change_payment.model_pos_change_payment,izi_res_permissions.group_cashier,1,1,1,1
access_account_cash_cashier,account.cash cashier,cash_management.model_account_cash,izi_res_permissions.group_cashier,1,1,1,1
access_account_cash_line_cashier,account.cash.line cashier,cash_management.model_account_cash_line,izi_res_permissions.group_cashier,1,1,1,1
access_hr_job_cashier,hr.job cashier,hr.model_hr_job,izi_res_permissions.group_cashier,1,1,0,0
access_pos_money_cashier,pos.money cashier,izi_pos_money.model_pos_money,izi_res_permissions.group_cashier,1,1,1,1
access_pos_money_line_cashier,pos.money.line cashier,izi_pos_money.model_pos_money_line,izi_res_permissions.group_cashier,1,1,1,1
access_res_brand_cashier,res.brand cashier,izi_brand.model_res_brand,izi_res_permissions.group_cashier,1,0,0,0
access_izi_using_stock_move_line_cashier,izi.using.stock.move.line cashier,izi_use_service_card.model_izi_using_stock_move_line,izi_res_permissions.group_cashier,1,1,1,1
access_partner_interaction_cashier,partner.interaction cashier,izi_crm_interaction.model_partner_interaction,izi_res_permissions.group_cashier,1,0,0,0
access_partner_interaction_type_cashier,partner.interaction.type cashier,izi_crm_interaction.model_partner_interaction_type,izi_res_permissions.group_cashier,1,0,0,0
access_product_service_remind_cashier,product.service.remind cashier,izi_crm_interaction.model_product_service_remind,izi_res_permissions.group_cashier,1,0,0,0

access_crm_lead_consultant,crm.lead consultant,crm.model_crm_lead,izi_res_permissions.group_consultant,1,1,1,1
access_izi_crm_lead_quotes_consultant,izi.crm.lead.quotes consultant,izi_crm_lead.model_izi_crm_lead_quotes,izi_res_permissions.group_consultant,1,1,1,1
access_pos_order_consultant,pos.order consultant,point_of_sale.model_pos_order,izi_res_permissions.group_consultant,1,1,1,1
access_res_partner_consultant,res.partner consultant,mail.model_res_partner,izi_res_permissions.group_consultant,1,1,1,1
access_pos_order_line_consultant,pos.order.line consultant,point_of_sale.model_pos_order_line,izi_res_permissions.group_consultant,1,1,1,1
access_pos_revenue_allocation_consultant,pos.revenue.allocation consultant,pos_revenue_allocation.model_pos_revenue_allocation,izi_res_permissions.group_consultant,1,0,1,0
access_pos_revenue_allocation_line_consultant,pos.revenue.allocation.line consultant,pos_revenue_allocation.model_pos_revenue_allocation_line,izi_res_permissions.group_consultant,1,1,1,1
access_pos_session_consultant,pos.session consultant,point_of_sale.model_pos_session,izi_res_permissions.group_consultant,1,0,0,0
access_pos_config_consultant,pos.config consultant,point_of_sale.model_pos_config,izi_res_permissions.group_consultant,1,0,0,0
access_stock_production_lot_consultant,stock.production.lot consultant,stock.model_stock_production_lot,izi_res_permissions.group_consultant,1,1,0,0
access_pos_pack_operation_lot_consultant,pos.pack.operation.lot consultant,point_of_sale.model_pos_pack_operation_lot,izi_res_permissions.group_consultant,1,1,1,1
access_pos_customer_deposit_line_consultant,pos.customer.deposit.line consultant,pos_customer_deposit.model_pos_customer_deposit_line,izi_res_permissions.group_consultant,1,1,1,1
access_pos_customer_deposit_consultant,pos.customer.deposit consultant,pos_customer_deposit.model_pos_customer_deposit,izi_res_permissions.group_consultant,1,1,1,1
access_account_bank_statement_line_consultant,account.bank.statement.line consultant,account.model_account_bank_statement_line,izi_res_permissions.group_consultant,1,1,1,1
access_izi_service_card_using_consultant,izi.service.card.using consultant,izi_use_service_card.model_izi_service_card_using,izi_res_permissions.group_consultant,1,1,1,1
access_izi_service_card_using_line_consultant,izi.service.card.using.line consultant,izi_manage_room.model_izi_service_card_using_line,izi_res_permissions.group_consultant,1,1,1,1
access_pos_service_room_consultant,pos.service.room consultant,izi_manage_room.model_pos_service_room,izi_res_permissions.group_consultant,1,0,0,0
access_pos_service_bed_consultant,pos.service.bed consultant,izi_manage_room.model_pos_service_bed,izi_res_permissions.group_consultant,1,0,0,0
access_pos_user_material_consultant,pos.user.material consultant,izi_use_service_card.model_pos_user_material,izi_res_permissions.group_consultant,1,1,1,1
access_izi_images_consultant,izi.images consultant,izi_use_service_card.model_izi_images,izi_res_permissions.group_consultant,1,1,1,1
access_pos_payment_service_consultant,pos.payment.service consultant,pos_payment_multi_currency.model_pos_payment_service,izi_res_permissions.group_consultant,1,1,1,1
access_pos_work_service_allocation_line_consultant,pos.work.service.allocation.line consultant,pos_work_service_allocation.model_pos_work_service_allocation_line,izi_res_permissions.group_consultant,1,1,1,0
access_product_delivery_line_consultant,product.delivery.line consultant,izi_product_in_out.model_product_delivery_line,izi_res_permissions.group_consultant,1,0,0,0
access_stock_move_consultant,stock.move consultant,stock.model_stock_move,izi_res_permissions.group_consultant,1,1,1,0
access_res_brand_consultant,res.brand consultant,izi_brand.model_res_brand,izi_res_permissions.group_consultant,1,0,0,0
access_account_invoice_consultant,account.invoice consultant,account.model_account_invoice,izi_res_permissions.group_consultant,1,1,1,1
access_account_bank_statement_consultant,account.bank.statement consultant,account.model_account_bank_statement,izi_res_permissions.group_consultant,1,1,0,0
access_crm_vip_customer_revenue_consultant,crm.vip.customer.revenue consultant,izi_vip.model_crm_vip_customer_revenue,izi_res_permissions.group_consultant,1,1,1,0
access_pos_sum_digital_sign_consultant,pos.sum.digital.sign consultant,pos_digital_sign_sum.model_pos_sum_digital_sign,izi_res_permissions.group_consultant,1,1,1,1
access_stock_picking_consultant,stock.picking consultant,stock.model_stock_picking,izi_res_permissions.group_consultant,1,1,1,1
access_pos_debit_good_consultant,pos.debit.good consultant,pos_digital_sign_sum.model_pos_debit_good,izi_res_permissions.group_consultant,1,1,1,0
access_pos_debit_good_line_consultant,pos.debit.good.line consultant,izi_pos_debt_goods.model_pos_debit_good_line,izi_res_permissions.group_consultant,1,1,1,1
access_tmp_service_card_using_consultant,tmp.service.card.using consultant,izi_use_service_card.model_tmp_service_card_using,izi_res_permissions.group_consultant,1,1,1,1
access_service_bom_consultant,service.bom consultant,izi_use_service_card.model_service_bom,izi_res_permissions.group_consultant,1,0,0,0
access_account_invoice_tax_consultant,account.invoice.tax consultant,account.model_account_invoice_tax,izi_res_permissions.group_consultant,1,1,1,1
access_account_move_consultant,account.move consultant,account.model_account_move,izi_res_permissions.group_consultant,1,1,1,1
access_account_move_line_consultant,account.move.line consultant,account.model_account_move_line,izi_res_permissions.group_consultant,1,1,1,1
access_account_partial_reconcile_consultant,account.partial.reconcile consultant,account.model_account_partial_reconcile,izi_res_permissions.group_consultant,1,1,1,1
access_account_account_type_consultant,account.account.type consultant,account.model_account_account_type,izi_res_permissions.group_consultant,1,0,0,0
access_account_analytic_line_consultant,account.analytic.line consultant,analytic.model_account_analytic_line,izi_res_permissions.group_consultant,1,0,0,0
access_account_payment_consultant,account.payment consultant,account.model_account_payment,izi_res_permissions.group_consultant,1,1,1,1
access_account_full_reconcile_consultant,account.full.reconcile consultant,account.model_account_full_reconcile,izi_res_permissions.group_consultant,1,1,1,1
access_izi_pos_exchange_service_consultant,izi.pos.exchange.service consultant,pos_digital_sign_sum.model_izi_pos_exchange_service,izi_res_permissions.group_consultant,1,1,0,0
access_pos_virtual_money_consultant,pos.virtual.money consultant,izi_virtual_money.model_pos_virtual_money,izi_res_permissions.group_consultant,1,1,1,1
access_pos_virtual_money_history_consultant,pos.virtual.money.history consultant,izi_virtual_money.model_pos_virtual_money_history,izi_res_permissions.group_consultant,1,1,1,1
access_service_bom_line_consultant,service.bom.line consultant,izi_use_service_card.model_service_bom_line,izi_res_permissions.group_consultant,1,0,0,0
access_izi_using_stock_move_line_consultant,izi.using.stock.move.line consultant,izi_use_service_card.model_izi_using_stock_move_line,izi_res_permissions.group_consultant,1,1,1,1
access_pos_change_payment_consultant,pos.change.payment consultant,izi_pos_change_payment.model_pos_change_payment,izi_res_permissions.group_consultant,1,0,0,0
access_tmp_service_card_using_line_consultant,tmp.service.card_using.line consultant,izi_use_service_card.model_tmp_service_card_using_line,izi_res_permissions.group_consultant,1,1,1,1
access_pos_destroy_service_consultant,pos.destroy.service consultant,pos_digital_sign_sum.model_pos_destroy_service,izi_res_permissions.group_consultant,1,0,0,0
access_izi_product_release_consultant,izi.product.release consultant,izi_product_release.model_izi_product_release,izi_res_permissions.group_consultant,1,0,0,0
access_izi_service_card_detail_consultant,izi.service.card.detail consultant,izi_product_release.model_izi_service_card_detail,izi_res_permissions.group_consultant,1,1,1,1
access_hr_job_consultant,hr.job consultant,hr.model_hr_job,izi_res_permissions.group_consultant,1,1,0,0
access_partner_interaction_consultant,partner.interaction consultant,izi_crm_interaction.model_partner_interaction,izi_res_permissions.group_consultant,1,0,0,0
access_partner_interaction_type_consultant,partner.interaction.type consultant,izi_crm_interaction.model_partner_interaction_type,izi_res_permissions.group_consultant,1,0,0,0
access_product_service_remind_consultant,product.service.remind consultant,izi_crm_interaction.model_product_service_remind,izi_res_permissions.group_consultant,1,0,0,0
access_partner_interaction_consultant,partner.interaction consultant,izi_crm_interaction.model_partner_interaction,izi_res_permissions.group_consultant,1,1,1,1
access_partner_interaction_type_consultant,partner.interaction.type consultant,izi_crm_interaction.model_partner_interaction_type,izi_res_permissions.group_consultant,1,1,1,1
access_product_service_remind_consultant,product.service.remind consultant,izi_crm_interaction.model_product_service_remind,izi_res_permissions.group_consultant,1,0,0,0
,,,,,,,
access_pos_user_material_inventory_accounting,pos.user.material inventory_accounting,izi_use_service_card.model_pos_user_material,izi_res_permissions.group_inventory_accounting,1,1,1,1
access_stock_picking_inventory_accounting,stock.picking inventory_accounting,stock.model_stock_picking,izi_res_permissions.group_inventory_accounting,1,1,1,1
access_stock_move_inventory_accounting,stock.move inventory_accounting,stock.model_stock_move,izi_res_permissions.group_inventory_accounting,1,1,0,0
access_pos_debit_good_inventory_accounting,pos.debit.good inventory_accounting,pos_digital_sign_sum.model_pos_debit_good,izi_res_permissions.group_inventory_accounting,1,0,0,0
access_izi_product_release_inventory_accounting,izi.product.release inventory_accounting,izi_product_release.model_izi_product_release,izi_res_permissions.group_inventory_accounting,1,0,0,0
access_product_delivery_line_inventory_accounting,product.delivery.line inventory_accounting,izi_product_in_out.model_product_delivery_line,izi_res_permissions.group_inventory_accounting,1,0,0,0
access_izi_service_card_using_inventory_accounting,izi.service.card.using inventory_accounting,pos_work_service_allocation.model_izi_service_card_using,izi_res_permissions.group_inventory_accounting,1,1,0,0
access_pos_session_inventory_accounting,pos.session inventory_accounting,point_of_sale.model_pos_session,izi_res_permissions.group_inventory_accounting,1,0,0,0
access_pos_config_inventory_accounting,pos.config inventory_accounting,point_of_sale.model_pos_config,izi_res_permissions.group_inventory_accounting,1,0,0,0
access_pos_sum_digital_sign_inventory_accounting,pos.sum.digital.sign inventory_accounting,pos_digital_sign_sum.model_pos_sum_digital_sign,izi_res_permissions.group_inventory_accounting,1,0,0,0
access_izi_service_card_using_line_inventory_accounting,izi.service.card.using.line inventory_accounting,izi_manage_room.model_izi_service_card_using_line,izi_res_permissions.group_inventory_accounting,1,1,0,0
access_pos_sum_digital_sign_inventory_accounting,pos.sum.digital.sign inventory_accounting,pos_digital_sign_sum.model_pos_sum_digital_sign,izi_res_permissions.group_inventory_accounting,1,1,1,1
access_account_move_line_inventory_accounting,account.move.line inventory_accounting,account.model_account_move_line,izi_res_permissions.group_inventory_accounting,1,0,0,0

access_crm_lead_receptionist,crm.lead receptionist,crm.model_crm_lead,izi_res_permissions.group_receptionist,1,1,1,1
access_pos_config_receptionist,pos.config receptionist,point_of_sale.model_pos_config,izi_res_permissions.group_receptionist,1,1,0,0
access_izi_crm_lead_quotes_receptionist,izi.crm.lead.quotes receptionist,izi_crm_lead.model_izi_crm_lead_quotes,izi_res_permissions.group_receptionist,1,1,1,1
access_crm_stage_receptionist,crm.stage receptionist,crm.model_crm_stage,izi_res_permissions.group_receptionist,1,1,1,1
access_pos_order_receptionist,pos.order receptionist,point_of_sale.model_pos_order,izi_res_permissions.group_receptionist,1,1,1,1
access_pos_session_receptionist,pos.session receptionist,point_of_sale.model_pos_session,izi_res_permissions.group_receptionist,1,1,1,1
access_izi_service_card_using_receptionist,izi.service.card.using receptionist,pos_work_service_allocation.model_izi_service_card_using,izi_res_permissions.group_receptionist,1,1,1,1
access_izi_service_card_using_line_receptionist,izi.service.card.using.line receptionist ,izi_manage_room.model_izi_service_card_using_line,izi_res_permissions.group_receptionist,1,1,1,1
access_pos_user_material_receptionist,pos.user.material receptionist,izi_use_service_card.model_pos_user_material,izi_res_permissions.group_receptionist,1,1,1,1
access_izi_images_receptionist,izi.images receptionist,izi_use_service_card.model_izi_images,izi_res_permissions.group_receptionist,1,1,1,1
access_pos_payment_service_receptionist,pos.payment.service receptionist,pos_payment_multi_currency.model_pos_payment_service,izi_res_permissions.group_receptionist,1,0,0,0
access_pos_work_service_allocation_line_receptionist,pos.work.service.allocation.line receptionist,pos_work_service_allocation.model_pos_work_service_allocation_line,izi_res_permissions.group_receptionist,1,1,1,1
access_stock_production_lot_receptionist,stock.production.lot receptionist,stock.model_stock_production_lot,izi_res_permissions.group_receptionist,1,1,0,0
access_izi_product_release_receptionist,izi.product.release receptionist,izi_product_release.model_izi_product_release,izi_res_permissions.group_receptionist,1,0,0,0
access_izi_service_card_detail_receptionist,izi.service.card.detail receptionist,izi_product_release.model_izi_service_card_detail,izi_res_permissions.group_receptionist,1,1,1,1
access_pos_service_room_receptionist,pos.service.room receptionist,izi_manage_room.model_pos_service_room,izi_res_permissions.group_receptionist,1,0,0,0
access_pos_service_bed_receptionist,pos.service.bed receptionist,izi_view_sync.model_pos_service_bed,izi_res_permissions.group_receptionist,1,1,0,0
access_tmp_service_card_using_receptionist,tmp.service.card.using receptionist,izi_use_service_card.model_tmp_service_card_using,izi_res_permissions.group_receptionist,1,0,0,0
access_service_bom_receptionist,service.bom receptionist,izi_use_service_card.model_service_bom,izi_res_permissions.group_receptionist,1,0,0,0
access_pos_work_service_allocation_receptionist,pos.work.service.allocation receptionist,pos_work_service_allocation.model_pos_work_service_allocation,izi_res_permissions.group_receptionist,1,1,1,1
access_account_invoice_receptionist,account.invoice receptionist,account.model_account_invoice,izi_res_permissions.group_receptionist,1,1,1,0
access_account_invoice_line_receptionist,account.invoice.line receptionist,account.model_account_invoice_line,izi_res_permissions.group_receptionist,1,1,1,1
access_account_payment_receptionist,account.payment receptionist,account.model_account_payment,izi_res_permissions.group_receptionist,1,1,1,0
access_account_bank_statement_receptionist,account.bank.statement receptionist,account.model_account_bank_statement,izi_res_permissions.group_receptionist,1,1,1,1
access_account_bank_statement_line_receptionist,account.bank.statement.line receptionist,account.model_account_bank_statement_line,izi_res_permissions.group_receptionist,1,1,1,1
access_pos_sum_digital_sign_receptionist,pos.sum.digital.sign receptionist,pos_digital_sign_sum.model_pos_sum_digital_sign,izi_res_permissions.group_receptionist,1,1,1,1
access_account_move_receptionist,account.move receptionist,account.model_account_move,izi_res_permissions.group_receptionist,1,1,1,1
access_account_move_line_receptionist,account.move.line receptionist,account.model_account_move_line,izi_res_permissions.group_receptionist,1,1,1,1
access_account_partial_reconcile_receptionist,account.partial.reconcile receptionist,account.model_account_partial_reconcile,izi_res_permissions.group_receptionist,1,1,1,1
access_account_account_type_receptionist,account.account.type receptionist,account.model_account_account_type,izi_res_permissions.group_receptionist,1,0,0,0
access_account_analytic_line_receptionist,account.analytic.line receptionist,analytic.model_account_analytic_line,izi_res_permissions.group_receptionist,1,0,0,0
access_crm_vip_customer_revenue_receptionist,crm.vip.customer.revenue receptionist,izi_vip.model_crm_vip_customer_revenue,izi_res_permissions.group_receptionist,1,1,1,1
access_res_partner_receptionist,res.partner receptionist,mail.model_res_partner,izi_res_permissions.group_receptionist,1,1,1,1
access_pos_revenue_allocation_receptionist,pos.revenue.allocation receptionist,pos_revenue_allocation.model_pos_revenue_allocation,izi_res_permissions.group_receptionist,1,1,1,1
access_pos_revenue_allocation_line_receptionist,pos.revenue.allocation.line receptionist,pos_revenue_allocation.model_pos_revenue_allocation_line,izi_res_permissions.group_receptionist,1,1,1,1
access_pos_order_line_receptionist,pos.order.line receptionist,point_of_sale.model_pos_order_line,izi_res_permissions.group_receptionist,1,1,1,0
access_izi_pos_exchange_service_receptionist,izi.pos.exchange.service receptionist,pos_digital_sign_sum.model_izi_pos_exchange_service,izi_res_permissions.group_receptionist,1,1,1,1
access_izi_current_exchange_service_receptionist,izi.current.exchange.service receptionist,izi_pos_exchange_service.model_izi_current_exchange_service,izi_res_permissions.group_receptionist,1,1,1,1
access_izi_new_exchange_service_receptionist_,izi.new.exchange.service receptionist ,izi_pos_exchange_service.model_izi_new_exchange_service,izi_res_permissions.group_receptionist,1,1,1,1
access_account_invoice_tax_receptionist,account.invoice.tax receptionist,account.model_account_invoice_tax,izi_res_permissions.group_receptionist,1,1,1,1
access_account_full_reconcile_receptionist,account.full.reconcile receptionist,account.model_account_full_reconcile,izi_res_permissions.group_receptionist,1,1,1,1
access_pos_destroy_service_receptionist,pos.destroy.service receptionist,pos_digital_sign_sum.model_pos_destroy_service,izi_res_permissions.group_receptionist,1,1,1,1
access_pos_destroy_service_line_receptionist,pos.destroy.service.line receptionist,pos_destroy_service.model_pos_destroy_service_line,izi_res_permissions.group_receptionist,1,1,1,1
access_pos_destroy_service_line_detail_receptionist,pos.destroy.service.line.detail receptionist,pos_destroy_service.model_pos_destroy_service_line_detail,izi_res_permissions.group_receptionist,1,1,1,1
access_pos_payment_destroy_service_receptionist,pos.payment.destroy.service receptionist,pos_destroy_service.model_pos_payment_destroy_service,izi_res_permissions.group_receptionist,1,1,1,1
access_stock_picking_receptionist,stock.picking receptionist,stock.model_stock_picking,izi_res_permissions.group_receptionist,1,1,1,1
access_pos_customer_deposit_line_receptionist,pos.customer.deposit.line receptionist,pos_customer_deposit.model_pos_customer_deposit_line,izi_res_permissions.group_receptionist,1,1,1,1
access_pos_customer_deposit_receptionist,pos.customer.deposit receptionist,pos_customer_deposit.model_pos_customer_deposit,izi_res_permissions.group_receptionist,1,1,1,0
access_pos_debit_good_receptionist,pos.debit.good receptionist,pos_digital_sign_sum.model_pos_debit_good,izi_res_permissions.group_receptionist,1,1,0,0
access_stock_move_receptionist,stock.move receptionist,stock.model_stock_move,izi_res_permissions.group_receptionist,1,1,1,1
access_product_delivery_line_receptionist,product.delivery.line receptionist,izi_product_in_out.model_product_delivery_line,izi_res_permissions.group_receptionist,1,0,0,0
access_pos_debit_good_line_receptionist,pos.debit.good.line receptionist,izi_pos_debt_goods.model_pos_debit_good_line,izi_res_permissions.group_receptionist,1,1,1,1
access_pos_pack_operation_lot_receptionist,pos.pack.operation.lot receptionist,point_of_sale.model_pos_pack_operation_lot,izi_res_permissions.group_receptionist,1,1,1,1
access_res_brand_receptionist,res.brand receptionist,izi_brand.model_res_brand,izi_res_permissions.group_receptionist,1,0,0,0
access_service_bom_line_receptionist,service.bom.line receptionist,izi_use_service_card.model_service_bom_line,izi_res_permissions.group_receptionist,1,0,0,0
access_izi_using_stock_move_line_receptionist,izi.using.stock.move.line receptionist,izi_use_service_card.model_izi_using_stock_move_line,izi_res_permissions.group_receptionist,1,1,1,1
access_pos_change_payment_receptionist,pos.change.payment receptionist,izi_pos_change_payment.model_pos_change_payment,izi_res_permissions.group_receptionist,1,0,0,0
access_hr_job_receptionist,hr.job receptionist,hr.model_hr_job,izi_res_permissions.group_receptionist,1,1,0,0
access_stock_warehouse_orderpoint_receptionist,stock.warehouse.orderpoint receptionist,purchase.model_stock_warehouse_orderpoint,izi_res_permissions.group_receptionist,1,0,0,0
access_purchase_order_line_receptionist,purchase.order.line receptionist,purchase.model_purchase_order_line,izi_res_permissions.group_receptionist,1,0,0,0
access_partner_interaction_receptionist,partner.interaction receptionist,izi_crm_interaction.model_partner_interaction,izi_res_permissions.group_receptionist,1,0,0,0
access_partner_interaction_type_receptionist,partner.interaction.type receptionist,izi_crm_interaction.model_partner_interaction_type,izi_res_permissions.group_receptionist,1,0,0,0
access_product_service_remind_receptionist,product.service.remind receptionist,izi_crm_interaction.model_product_service_remind,izi_res_permissions.group_receptionist,1,0,0,0
access_pos_virtual_money_history_receptionist,pos.virtual.money.history receptionist,izi_virtual_money.model_pos_virtual_money_history,izi_res_permissions.group_receptionist,1,1,1,1

access_izi_service_card_using_line_therapist,izi.service.card.using.line therapist,izi_manage_room.model_izi_service_card_using_line,izi_res_permissions.group_therapist,1,1,0,0
access_izi_service_card_using_therapist,izi.service.card.using therapist,pos_work_service_allocation.model_izi_service_card_using,izi_res_permissions.group_therapist,1,1,0,0
access_pos_session_therapist,pos.session therapist,point_of_sale.model_pos_session,izi_res_permissions.group_therapist,1,1,0,0
access_pos_config_therapist,pos.config therapist,point_of_sale.model_pos_config,izi_res_permissions.group_therapist,1,1,0,0
access_pos_user_material_therapist,pos.user.material therapist,izi_use_service_card.model_pos_user_material,izi_res_permissions.group_therapist,1,1,1,1
access_izi_images_therapist,izi.images therapist,izi_use_service_card.model_izi_images,izi_res_permissions.group_therapist,1,0,0,0
access_pos_payment_service_therapist,pos.payment.service therapist,pos_payment_multi_currency.model_pos_payment_service,izi_res_permissions.group_therapist,1,0,0,0
access_pos_work_service_allocation_therapist,pos.work.service.allocation therapist,pos_work_service_allocation.model_pos_work_service_allocation,izi_res_permissions.group_therapist,1,0,0,0
access_pos_work_service_allocation_line_therapist,pos.work.service.allocation.line therapist,pos_work_service_allocation.model_pos_work_service_allocation_line,izi_res_permissions.group_therapist,1,0,0,0
access_pos_service_bed_therapist,pos.service.bed therapist,izi_view_sync.model_pos_service_bed,izi_res_permissions.group_therapist,1,1,0,0
access_pos_service_room_therapist,pos.service.room therapist,izi_manage_room.model_pos_service_room,izi_res_permissions.group_therapist,1,1,0,0
access_product_delivery_line_therapist,product.delivery.line therapist,izi_product_in_out.model_product_delivery_line,izi_res_permissions.group_therapist,1,0,0,0
access_hr_job_therapist,hr.job therapist,hr.model_hr_job,izi_res_permissions.group_therapist,1,1,0,0
,,,,,,,
access_pos_money_leader_shop,pos.money leader shop,izi_pos_money.model_pos_money,izi_res_permissions.group_leader_shop,1,1,1,1
access_pos_money_line_leader_shop,pos.money.line leader shop,izi_pos_money.model_pos_money_line,izi_res_permissions.group_leader_shop,1,1,1,1
access_pos_work_service_allocation_line_leader_shop,pos.work.service.allocation.line leader shop,pos_work_service_allocation.model_pos_work_service_allocation_line,izi_res_permissions.group_leader_shop,1,1,1,1
access_pos_change_payment_leader_shop,pos.change.payment leader shop,izi_pos_change_payment.model_pos_change_payment,izi_res_permissions.group_leader_shop,1,1,1,1
access_account_cash_leader_shop,account.cash leader shop,cash_management.model_account_cash,izi_res_permissions.group_leader_shop,1,1,1,1
access_account_cash_line_leader_shop,account.cash.line leader shop,cash_management.model_account_cash_line,izi_res_permissions.group_leader_shop,1,1,1,1
access_partner_interaction_leader,partner.interaction leader,izi_crm_interaction.model_partner_interaction,izi_res_permissions.group_leader_shop,1,1,1,1
access_partner_interaction_type_leader,partner.interaction.type leader,izi_crm_interaction.model_partner_interaction_type,izi_res_permissions.group_leader_shop,1,1,1,1
access_product_service_remind_leader,product.service.remind leader,izi_crm_interaction.model_product_service_remind,izi_res_permissions.group_leader_shop,1,1,1,1
,,,,,,,
access_crm_lead_member_uid_telesales,crm.lead member_uid_telesales,crm.model_crm_lead,izi_res_permissions.group_member_uid_telesales,1,1,1,1
access_izi_crm_lead_quotes_member_uid_telesales,izi.crm.lead.quotes member_uid_telesales,izi_crm_lead.model_izi_crm_lead_quotes,izi_res_permissions.group_member_uid_telesales,1,1,1,1
access_pos_order_member_uid_telesales,pos.order member_uid_telesales,point_of_sale.model_pos_order,izi_res_permissions.group_member_uid_telesales,1,1,1,1
access_res_partner_member_uid_telesales,res.partner member_uid_telesales,mail.model_res_partner,izi_res_permissions.group_member_uid_telesales,1,1,1,1
access_pos_order_line_member_uid_telesales,pos.order.line member_uid_telesales,point_of_sale.model_pos_order_line,izi_res_permissions.group_member_uid_telesales,1,1,1,1
access_pos_revenue_allocation_member_uid_telesales,pos.revenue.allocation member_uid_telesales,pos_revenue_allocation.model_pos_revenue_allocation,izi_res_permissions.group_member_uid_telesales,1,0,1,0
access_pos_revenue_allocation_line_member_uid_telesales,pos.revenue.allocation.line member_uid_telesales,pos_revenue_allocation.model_pos_revenue_allocation_line,izi_res_permissions.group_member_uid_telesales,1,1,1,1
access_pos_session_member_uid_telesales,pos.session member_uid_telesales,point_of_sale.model_pos_session,izi_res_permissions.group_member_uid_telesales,1,0,0,0
access_pos_config_member_uid_telesales,pos.config member_uid_telesales,point_of_sale.model_pos_config,izi_res_permissions.group_member_uid_telesales,1,0,0,0
access_stock_production_lot_member_uid_telesales,stock.production.lot member_uid_telesales,stock.model_stock_production_lot,izi_res_permissions.group_member_uid_telesales,1,1,0,0
access_pos_pack_operation_lot_member_uid_telesales,pos.pack.operation.lot member_uid_telesales,point_of_sale.model_pos_pack_operation_lot,izi_res_permissions.group_member_uid_telesales,1,1,1,1
access_pos_customer_deposit_line_member_uid_telesales,pos.customer.deposit.line member_uid_telesales,pos_customer_deposit.model_pos_customer_deposit_line,izi_res_permissions.group_member_uid_telesales,1,1,1,1
access_pos_customer_deposit_member_uid_telesales,pos.customer.deposit member_uid_telesales,pos_customer_deposit.model_pos_customer_deposit,izi_res_permissions.group_member_uid_telesales,1,1,1,1
access_account_bank_statement_line_member_uid_telesales,account.bank.statement.line member_uid_telesales,account.model_account_bank_statement_line,izi_res_permissions.group_member_uid_telesales,1,1,1,1
access_izi_service_card_using_member_uid_telesales,izi.service.card.using member_uid_telesales,izi_use_service_card.model_izi_service_card_using,izi_res_permissions.group_member_uid_telesales,1,1,1,1
access_izi_service_card_using_line_member_uid_telesales,izi.service.card.using.line member_uid_telesales,izi_manage_room.model_izi_service_card_using_line,izi_res_permissions.group_member_uid_telesales,1,1,1,1
access_pos_service_room_member_uid_telesales,pos.service.room member_uid_telesales,izi_manage_room.model_pos_service_room,izi_res_permissions.group_member_uid_telesales,1,0,0,0
access_pos_service_bed_member_uid_telesales,pos.service.bed member_uid_telesales,izi_manage_room.model_pos_service_bed,izi_res_permissions.group_member_uid_telesales,1,0,0,0
access_pos_user_material_member_uid_telesales,pos.user.material member_uid_telesales,izi_use_service_card.model_pos_user_material,izi_res_permissions.group_member_uid_telesales,1,1,1,1
access_izi_images_member_uid_telesales,izi.images member_uid_telesales,izi_use_service_card.model_izi_images,izi_res_permissions.group_member_uid_telesales,1,1,1,1
access_pos_payment_service_member_uid_telesales,pos.payment.service member_uid_telesales,pos_payment_multi_currency.model_pos_payment_service,izi_res_permissions.group_member_uid_telesales,1,1,1,1
access_pos_work_service_allocation_line_member_uid_telesales,pos.work.service.allocation.line member_uid_telesales,pos_work_service_allocation.model_pos_work_service_allocation_line,izi_res_permissions.group_member_uid_telesales,1,1,1,0
access_product_delivery_line_member_uid_telesales,product.delivery.line member_uid_telesales,izi_product_in_out.model_product_delivery_line,izi_res_permissions.group_member_uid_telesales,1,0,0,0
access_stock_move_member_uid_telesales,stock.move member_uid_telesales,stock.model_stock_move,izi_res_permissions.group_member_uid_telesales,1,1,1,0
access_res_brand_member_uid_telesales,res.brand member_uid_telesales,izi_brand.model_res_brand,izi_res_permissions.group_member_uid_telesales,1,0,0,0
access_account_invoice_member_uid_telesales,account.invoice member_uid_telesales,account.model_account_invoice,izi_res_permissions.group_member_uid_telesales,1,1,1,1
access_account_invoice_line_member_uid_telesales,account.invoice.line member_uid_telesales,account.model_account_invoice_line,izi_res_permissions.group_member_uid_telesales,1,0,0,0
access_account_bank_statement_member_uid_telesales,account.bank.statement member_uid_telesales,account.model_account_bank_statement,izi_res_permissions.group_member_uid_telesales,1,1,0,0
access_crm_vip_customer_revenue_member_uid_telesales,crm.vip.customer.revenue member_uid_telesales,izi_vip.model_crm_vip_customer_revenue,izi_res_permissions.group_member_uid_telesales,1,1,1,0
access_pos_sum_digital_sign_member_uid_telesales,pos.sum.digital.sign member_uid_telesales,pos_digital_sign_sum.model_pos_sum_digital_sign,izi_res_permissions.group_member_uid_telesales,1,1,1,1
access_stock_picking_member_uid_telesales,stock.picking member_uid_telesales,stock.model_stock_picking,izi_res_permissions.group_member_uid_telesales,1,1,1,1
access_pos_debit_good_member_uid_telesales,pos.debit.good member_uid_telesales,pos_digital_sign_sum.model_pos_debit_good,izi_res_permissions.group_member_uid_telesales,1,1,1,0
access_pos_debit_good_line_member_uid_telesales,pos.debit.good.line member_uid_telesales,izi_pos_debt_goods.model_pos_debit_good_line,izi_res_permissions.group_member_uid_telesales,1,1,1,1
access_tmp_service_card_using_member_uid_telesales,tmp.service.card.using member_uid_telesales,izi_use_service_card.model_tmp_service_card_using,izi_res_permissions.group_member_uid_telesales,1,1,1,1
access_service_bom_member_uid_telesales,service.bom member_uid_telesales,izi_use_service_card.model_service_bom,izi_res_permissions.group_member_uid_telesales,1,0,0,0
access_account_invoice_tax_member_uid_telesales,account.invoice.tax member_uid_telesales,account.model_account_invoice_tax,izi_res_permissions.group_member_uid_telesales,1,1,1,1
access_account_move_member_uid_telesales,account.move member_uid_telesales,account.model_account_move,izi_res_permissions.group_member_uid_telesales,1,1,1,1
access_account_move_line_member_uid_telesales,account.move.line member_uid_telesales,account.model_account_move_line,izi_res_permissions.group_member_uid_telesales,1,1,1,1
access_account_partial_reconcile_member_uid_telesales,account.partial.reconcile member_uid_telesales,account.model_account_partial_reconcile,izi_res_permissions.group_member_uid_telesales,1,1,1,1
access_account_account_type_member_uid_telesales,account.account.type member_uid_telesales,account.model_account_account_type,izi_res_permissions.group_member_uid_telesales,1,0,0,0
access_account_analytic_line_member_uid_telesales,account.analytic.line member_uid_telesales,analytic.model_account_analytic_line,izi_res_permissions.group_member_uid_telesales,1,0,0,0
access_account_payment_member_uid_telesales,account.payment member_uid_telesales,account.model_account_payment,izi_res_permissions.group_member_uid_telesales,1,1,1,1
access_account_full_reconcile_member_uid_telesales,account.full.reconcile member_uid_telesales,account.model_account_full_reconcile,izi_res_permissions.group_member_uid_telesales,1,1,1,1
access_izi_pos_exchange_service_member_uid_telesales,izi.pos.exchange.service member_uid_telesales,pos_digital_sign_sum.model_izi_pos_exchange_service,izi_res_permissions.group_member_uid_telesales,1,1,0,0
access_pos_virtual_money_member_uid_telesales,pos.virtual.money member_uid_telesales,izi_virtual_money.model_pos_virtual_money,izi_res_permissions.group_member_uid_telesales,1,1,1,1
access_pos_virtual_money_history_member_uid_telesales,pos.virtual.money.history member_uid_telesales,izi_virtual_money.model_pos_virtual_money_history,izi_res_permissions.group_member_uid_telesales,1,1,1,1
access_service_bom_line_member_uid_telesales,service.bom.line member_uid_telesales,izi_use_service_card.model_service_bom_line,izi_res_permissions.group_member_uid_telesales,1,0,0,0
access_izi_using_stock_move_line_member_uid_telesales,izi.using.stock.move.line member_uid_telesales,izi_use_service_card.model_izi_using_stock_move_line,izi_res_permissions.group_member_uid_telesales,1,1,1,1
access_pos_change_payment_member_uid_telesales,pos.change.payment member_uid_telesales,izi_pos_change_payment.model_pos_change_payment,izi_res_permissions.group_member_uid_telesales,1,0,0,0
access_tmp_service_card_using_line_member_uid_telesales,tmp.service.card_using.line member_uid_telesales,izi_use_service_card.model_tmp_service_card_using_line,izi_res_permissions.group_member_uid_telesales,1,1,1,1
access_pos_destroy_service_member_uid_telesales,pos.destroy.service member_uid_telesales,pos_digital_sign_sum.model_pos_destroy_service,izi_res_permissions.group_member_uid_telesales,1,0,0,0
access_izi_product_release_member_uid_telesales,izi.product.release member_uid_telesales,izi_product_release.model_izi_product_release,izi_res_permissions.group_member_uid_telesales,1,0,0,0
access_izi_service_card_detail_member_uid_telesales,izi.service.card.detail member_uid_telesales,izi_product_release.model_izi_service_card_detail,izi_res_permissions.group_member_uid_telesales,1,1,1,1
access_hr_job_member_uid_telesales,hr.job member_uid_telesales,hr.model_hr_job,izi_res_permissions.group_member_uid_telesales,1,1,0,0
access_partner_interaction_member_uid_telesales,partner.interaction member_uid_telesales,izi_crm_interaction.model_partner_interaction,izi_res_permissions.group_member_uid_telesales,1,1,1,1
access_partner_interaction_type_member_uid_telesales,partner.interaction.type member_uid_telesales,izi_crm_interaction.model_partner_interaction_type,izi_res_permissions.group_member_uid_telesales,1,1,1,1
access_product_service_remind_member_uid_telesales,product.service.remind member_uid_telesales,izi_crm_interaction.model_product_service_remind,izi_res_permissions.group_member_uid_telesales,1,0,0,0
,,,,,,,
access_crm_lead_revenue_control,crm.lead revenue_control,crm.model_crm_lead,izi_res_permissions.group_revenue_control,1,0,0,0
access_pos_config_revenue_control,pos.config revenue_control,point_of_sale.model_pos_config,izi_res_permissions.group_revenue_control,1,0,0,0
access_izi_crm_lead_quotes_revenue_control,izi.crm.lead.quotes revenue_control,izi_crm_lead.model_izi_crm_lead_quotes,izi_res_permissions.group_revenue_control,1,0,0,0
access_crm_stage_revenue_control,crm.stage revenue_control,crm.model_crm_stage,izi_res_permissions.group_revenue_control,1,0,0,0
access_pos_order_revenue_control,pos.order revenue_control,point_of_sale.model_pos_order,izi_res_permissions.group_revenue_control,1,0,0,0
access_pos_session_revenue_control,pos.session revenue_control,point_of_sale.model_pos_session,izi_res_permissions.group_revenue_control,1,0,0,0
access_izi_service_card_using_revenue_control,izi.service.card.using revenue_control,pos_work_service_allocation.model_izi_service_card_using,izi_res_permissions.group_revenue_control,1,0,0,0
access_izi_service_card_using_line_revenue_control,izi.service.card.using.line revenue_control ,izi_manage_room.model_izi_service_card_using_line,izi_res_permissions.group_revenue_control,1,0,0,0
access_pos_user_material_revenue_control,pos.user.material revenue_control,izi_use_service_card.model_pos_user_material,izi_res_permissions.group_revenue_control,1,0,0,0
access_izi_images_revenue_control,izi.images revenue_control,izi_use_service_card.model_izi_images,izi_res_permissions.group_revenue_control,1,0,0,0
access_pos_payment_service_revenue_control,pos.payment.service revenue_control,pos_payment_multi_currency.model_pos_payment_service,izi_res_permissions.group_revenue_control,1,0,0,0
access_pos_work_service_allocation_line_revenue_control,pos.work.service.allocation.line revenue_control,pos_work_service_allocation.model_pos_work_service_allocation_line,izi_res_permissions.group_revenue_control,1,0,0,0
access_stock_production_lot_revenue_control,stock.production.lot revenue_control,stock.model_stock_production_lot,izi_res_permissions.group_revenue_control,1,0,0,0
access_izi_product_release_revenue_control,izi.product.release revenue_control,izi_product_release.model_izi_product_release,izi_res_permissions.group_revenue_control,1,0,0,0
access_izi_service_card_detail_revenue_control,izi.service.card.detail revenue_control,izi_product_release.model_izi_service_card_detail,izi_res_permissions.group_revenue_control,1,0,0,0
access_pos_service_room_revenue_control,pos.service.room revenue_control,izi_manage_room.model_pos_service_room,izi_res_permissions.group_revenue_control,1,0,0,0
access_pos_service_bed_revenue_control,pos.service.bed revenue_control,izi_view_sync.model_pos_service_bed,izi_res_permissions.group_revenue_control,1,0,0,0
access_tmp_service_card_using_revenue_control,tmp.service.card.using revenue_control,izi_use_service_card.model_tmp_service_card_using,izi_res_permissions.group_revenue_control,1,0,0,0
access_service_bom_revenue_control,service.bom revenue_control,izi_use_service_card.model_service_bom,izi_res_permissions.group_revenue_control,1,0,0,0
access_pos_work_service_allocation_revenue_control,pos.work.service.allocation revenue_control,pos_work_service_allocation.model_pos_work_service_allocation,izi_res_permissions.group_revenue_control,1,0,0,0
access_account_invoice_revenue_control,account.invoice revenue_control,account.model_account_invoice,izi_res_permissions.group_revenue_control,1,0,0,0
access_account_invoice_line_revenue_control,account.invoice.line revenue_control,account.model_account_invoice_line,izi_res_permissions.group_revenue_control,1,0,0,0
access_account_payment_revenue_control,account.payment revenue_control,account.model_account_payment,izi_res_permissions.group_revenue_control,1,0,0,0
access_account_bank_statement_revenue_control,account.bank.statement revenue_control,account.model_account_bank_statement,izi_res_permissions.group_revenue_control,1,0,0,0
access_account_bank_statement_line_revenue_control,account.bank.statement.line revenue_control,account.model_account_bank_statement_line,izi_res_permissions.group_revenue_control,1,0,0,0
access_pos_sum_digital_sign_revenue_control,pos.sum.digital.sign revenue_control,pos_digital_sign_sum.model_pos_sum_digital_sign,izi_res_permissions.group_revenue_control,1,0,0,0
access_account_move_revenue_control,account.move revenue_control,account.model_account_move,izi_res_permissions.group_revenue_control,1,0,0,0
access_account_move_line_revenue_control,account.move.line revenue_control,account.model_account_move_line,izi_res_permissions.group_revenue_control,1,0,0,0
access_account_partial_reconcile_revenue_control,account.partial.reconcile revenue_control,account.model_account_partial_reconcile,izi_res_permissions.group_revenue_control,1,0,0,0
access_account_account_type_revenue_control,account.account.type revenue_control,account.model_account_account_type,izi_res_permissions.group_revenue_control,1,0,0,0
access_account_analytic_line_revenue_control,account.analytic.line revenue_control,analytic.model_account_analytic_line,izi_res_permissions.group_revenue_control,1,0,0,0
access_crm_vip_customer_revenue_revenue_control,crm.vip.customer.revenue revenue_control,izi_vip.model_crm_vip_customer_revenue,izi_res_permissions.group_revenue_control,1,0,0,0
access_res_partner_revenue_control,res.partner revenue_control,mail.model_res_partner,izi_res_permissions.group_revenue_control,1,0,0,0
access_pos_revenue_allocation_revenue_control,pos.revenue.allocation revenue_control,pos_revenue_allocation.model_pos_revenue_allocation,izi_res_permissions.group_revenue_control,1,0,0,0
access_pos_revenue_allocation_line_revenue_control,pos.revenue.allocation.line revenue_control,pos_revenue_allocation.model_pos_revenue_allocation_line,izi_res_permissions.group_revenue_control,1,0,0,0
access_pos_order_line_revenue_control,pos.order.line revenue_control,point_of_sale.model_pos_order_line,izi_res_permissions.group_revenue_control,1,0,0,0
access_izi_pos_exchange_service_revenue_control,izi.pos.exchange.service revenue_control,pos_digital_sign_sum.model_izi_pos_exchange_service,izi_res_permissions.group_revenue_control,1,0,0,0
access_izi_current_exchange_service_revenue_control,izi.current.exchange.service revenue_control,izi_pos_exchange_service.model_izi_current_exchange_service,izi_res_permissions.group_revenue_control,1,0,0,0
access_izi_new_exchange_service_revenue_control_,izi.new.exchange.service revenue_control ,izi_pos_exchange_service.model_izi_new_exchange_service,izi_res_permissions.group_revenue_control,1,0,0,0
access_account_invoice_tax_revenue_control,account.invoice.tax revenue_control,account.model_account_invoice_tax,izi_res_permissions.group_revenue_control,1,0,0,0
access_account_full_reconcile_revenue_control,account.full.reconcile revenue_control,account.model_account_full_reconcile,izi_res_permissions.group_revenue_control,1,0,0,0
access_pos_destroy_service_revenue_control,pos.destroy.service revenue_control,pos_digital_sign_sum.model_pos_destroy_service,izi_res_permissions.group_revenue_control,1,0,0,0
access_pos_destroy_service_line_revenue_control,pos.destroy.service.line revenue_control,pos_destroy_service.model_pos_destroy_service_line,izi_res_permissions.group_revenue_control,1,0,0,0
access_pos_destroy_service_line_detail_revenue_control,pos.destroy.service.line.detail revenue_control,pos_destroy_service.model_pos_destroy_service_line_detail,izi_res_permissions.group_revenue_control,1,0,0,0
access_pos_payment_destroy_service_revenue_control,pos.payment.destroy.service revenue_control,pos_destroy_service.model_pos_payment_destroy_service,izi_res_permissions.group_revenue_control,1,0,0,0
access_stock_picking_revenue_control,stock.picking revenue_control,stock.model_stock_picking,izi_res_permissions.group_revenue_control,1,0,0,0
access_pos_customer_deposit_line_revenue_control,pos.customer.deposit.line revenue_control,pos_customer_deposit.model_pos_customer_deposit_line,izi_res_permissions.group_revenue_control,1,0,0,0
access_pos_customer_deposit_revenue_control,pos.customer.deposit revenue_control,pos_customer_deposit.model_pos_customer_deposit,izi_res_permissions.group_revenue_control,1,0,0,0
access_pos_debit_good_revenue_control,pos.debit.good revenue_control,pos_digital_sign_sum.model_pos_debit_good,izi_res_permissions.group_revenue_control,1,0,0,0
access_stock_move_revenue_control,stock.move revenue_control,stock.model_stock_move,izi_res_permissions.group_revenue_control,1,0,0,0
access_product_delivery_line_revenue_control,product.delivery.line revenue_control,izi_product_in_out.model_product_delivery_line,izi_res_permissions.group_revenue_control,1,0,0,0
access_pos_debit_good_line_revenue_control,pos.debit.good.line revenue_control,izi_pos_debt_goods.model_pos_debit_good_line,izi_res_permissions.group_revenue_control,1,0,0,0
access_pos_pack_operation_lot_revenue_control,pos.pack.operation.lot revenue_control,point_of_sale.model_pos_pack_operation_lot,izi_res_permissions.group_revenue_control,1,0,0,0
access_res_brand_revenue_control,res.brand revenue_control,izi_brand.model_res_brand,izi_res_permissions.group_revenue_control,1,0,0,0
access_service_bom_line_revenue_control,service.bom.line revenue_control,izi_use_service_card.model_service_bom_line,izi_res_permissions.group_revenue_control,1,0,0,0
access_izi_using_stock_move_line_revenue_control,izi.using.stock.move.line revenue_control,izi_use_service_card.model_izi_using_stock_move_line,izi_res_permissions.group_revenue_control,1,0,1,0
access_pos_change_payment_revenue_control,pos.change.payment revenue_control,izi_pos_change_payment.model_pos_change_payment,izi_res_permissions.group_revenue_control,1,0,0,0
access_hr_job_revenue_control,hr.job revenue_control,hr.model_hr_job,izi_res_permissions.group_revenue_control,1,0,0,0
access_account_cash_revenue_control,account.cash revenue_control,cash_management.model_account_cash,izi_res_permissions.group_revenue_control,1,0,0,0
access_account_cash_line_revenue_control,account.cash.line revenue_control,cash_management.model_account_cash_line,izi_res_permissions.group_revenue_control,1,0,0,0
access_stock_warehouse_orderpoint_revenue_control,stock.warehouse.orderpoint revenue_control,purchase.model_stock_warehouse_orderpoint,izi_res_permissions.group_revenue_control,1,0,0,0
access_purchase_order_line_revenue_control,purchase.order.line revenue_control,purchase.model_purchase_order_line,izi_res_permissions.group_revenue_control,1,0,0,0
access_partner_interaction_revenue_control,partner.interaction revenue_control,izi_crm_interaction.model_partner_interaction,izi_res_permissions.group_revenue_control,1,0,0,0
access_partner_interaction_type_revenue_control,partner.interaction.type revenue_control,izi_crm_interaction.model_partner_interaction_type,izi_res_permissions.group_revenue_control,1,0,0,0
access_product_service_remind_revenue_control,product.service.remind revenue_control,izi_crm_interaction.model_product_service_remind,izi_res_permissions.group_revenue_control,1,0,0,0
,,,,,,,
access_pos_user_material_stock_keeper,pos.user.material stock_keeper,izi_use_service_card.model_pos_user_material,izi_res_permissions.group_stock_keeper,1,0,0,0
access_stock_picking_stock_keeper,stock.picking stock_keeper,stock.model_stock_picking,izi_res_permissions.group_stock_keeper,1,0,0,0
access_stock_move_stock_keeper,stock.move stock_keeper,stock.model_stock_move,izi_res_permissions.group_stock_keeper,1,0,0,0
access_pos_debit_good_stock_keeper,pos.debit.good stock_keeper,pos_digital_sign_sum.model_pos_debit_good,izi_res_permissions.group_stock_keeper,1,0,0,0
access_izi_product_release_stock_keeper,izi.product.release stock_keeper,izi_product_release.model_izi_product_release,izi_res_permissions.group_stock_keeper,1,0,0,0
access_product_delivery_line_stock_keeper,product.delivery.line stock_keeper,izi_product_in_out.model_product_delivery_line,izi_res_permissions.group_stock_keeper,1,0,0,0
access_izi_service_card_using_stock_keeper,izi.service.card.using stock_keeper,pos_work_service_allocation.model_izi_service_card_using,izi_res_permissions.group_stock_keeper,1,0,0,0
access_pos_session_stock_keeper,pos.session stock_keeper,point_of_sale.model_pos_session,izi_res_permissions.group_stock_keeper,1,0,0,0
access_pos_config_stock_keeper,pos.config stock_keeper,point_of_sale.model_pos_config,izi_res_permissions.group_stock_keeper,1,0,0,0
access_pos_sum_digital_sign_stock_keeper,pos.sum.digital.sign stock_keeper,pos_digital_sign_sum.model_pos_sum_digital_sign,izi_res_permissions.group_stock_keeper,1,0,0,0
access_izi_service_card_using_line_stock_keeper,izi.service.card.using.line stock_keeper,izi_manage_room.model_izi_service_card_using_line,izi_res_permissions.group_stock_keeper,1,0,0,0
access_pos_sum_digital_sign_stock_keeper,pos.sum.digital.sign stock_keeper,pos_digital_sign_sum.model_pos_sum_digital_sign,izi_res_permissions.group_stock_keeper,1,0,0,0
,,,,,,,
access_account_cash_fund_accountant,account.cash fund_accountant,cash_management.model_account_cash,izi_res_permissions.group_fund_accountant,1,0,0,0
access_account_cash_line_fund_accountant,account.cash.line fund_accountant,cash_management.model_account_cash_line,izi_res_permissions.group_fund_accountant,1,0,0,0
,,,,,,,
access_account_account_type_business_manager,account.account.type business_manager,account.model_account_account_type,izi_res_permissions.group_business_manager,1,0,0,0
access_account_analytic_line_business_manager,account.analytic.line business_manager,analytic.model_account_analytic_line,izi_res_permissions.group_business_manager,1,0,0,0
access_account_bank_statement_business_manager,account.bank.statement business_manager,account.model_account_bank_statement,izi_res_permissions.group_business_manager,1,1,1,1
access_account_bank_statement_line_business_manager,account.bank.statement.line business_manager,account.model_account_bank_statement_line,izi_res_permissions.group_business_manager,1,1,1,1
access_account_cash_business_manager,account.cash business_manager,cash_management.model_account_cash,izi_res_permissions.group_business_manager,1,1,1,1
access_account_cash_line_business_manager,account.cash.line business_manager,cash_management.model_account_cash_line,izi_res_permissions.group_business_manager,1,1,1,1
access_account_full_reconcile_business_manager,account.full.reconcile business_manager,account.model_account_full_reconcile,izi_res_permissions.group_business_manager,1,1,1,1
access_account_invoice_business_manager,account.invoice business_manager,account.model_account_invoice,izi_res_permissions.group_business_manager,1,1,1,0
access_account_invoice_line_business_manager,account.invoice.line business_manager,account.model_account_invoice_line,izi_res_permissions.group_business_manager,1,1,1,1
access_account_invoice_tax_business_manager,account.invoice.tax business_manager,account.model_account_invoice_tax,izi_res_permissions.group_business_manager,1,1,1,1
access_account_move_business_manager,account.move business_manager,account.model_account_move,izi_res_permissions.group_business_manager,1,1,1,1
access_account_move_line_business_manager,account.move.line business_manager,account.model_account_move_line,izi_res_permissions.group_business_manager,1,1,1,1
access_account_partial_reconcile_business_manager,account.partial.reconcile business_manager,account.model_account_partial_reconcile,izi_res_permissions.group_business_manager,1,1,1,1
access_account_payment_business_manager,account.payment business_manager,account.model_account_payment,izi_res_permissions.group_business_manager,1,1,1,0
access_crm_lead_business_manager,crm.lead business_manager,crm.model_crm_lead,izi_res_permissions.group_business_manager,1,1,1,1
access_crm_stage_business_manager,crm.stage business_manager,crm.model_crm_stage,izi_res_permissions.group_business_manager,1,1,1,1
access_crm_vip_customer_revenue_business_manager,crm.vip.customer.revenue business_manager,izi_vip.model_crm_vip_customer_revenue,izi_res_permissions.group_business_manager,1,1,1,1
access_hr_job_business_manager,hr.job business_manager,hr.model_hr_job,izi_res_permissions.group_business_manager,1,1,0,0
access_izi_crm_lead_quotes_business_manager,izi.crm.lead.quotes business_manager,izi_crm_lead.model_izi_crm_lead_quotes,izi_res_permissions.group_business_manager,1,1,1,1
access_izi_current_exchange_service_business_manager,izi.current.exchange.service business_manager,izi_pos_exchange_service.model_izi_current_exchange_service,izi_res_permissions.group_business_manager,1,1,1,1
access_izi_images_business_manager,izi.images business_manager,izi_use_service_card.model_izi_images,izi_res_permissions.group_business_manager,1,1,0,0
access_izi_new_exchange_service_business_manager,izi.new.exchange.service business_manager,izi_pos_exchange_service.model_izi_new_exchange_service,izi_res_permissions.group_business_manager,1,0,0,0
access_izi_new_exchange_service_business_manager_,izi.new.exchange.service business_manager ,izi_pos_exchange_service.model_izi_new_exchange_service,izi_res_permissions.group_business_manager,1,1,1,1
access_izi_pos_exchange_service_business_manager,izi.pos.exchange.service business_manager,pos_digital_sign_sum.model_izi_pos_exchange_service,izi_res_permissions.group_business_manager,1,1,1,1
access_izi_product_release_business_manager,izi.product.release business_manager,izi_product_release.model_izi_product_release,izi_res_permissions.group_business_manager,1,0,0,0
access_izi_service_card_detail_business_manager,izi.service.card.detail business_manager,izi_product_release.model_izi_service_card_detail,izi_res_permissions.group_business_manager,1,1,1,1
access_izi_service_card_using_business_manager,izi.service.card.using business_manager,pos_work_service_allocation.model_izi_service_card_using,izi_res_permissions.group_business_manager,1,1,1,1
access_izi_service_card_using_line_business_manager,izi.service.card.using.line business_manager ,izi_manage_room.model_izi_service_card_using_line,izi_res_permissions.group_business_manager,1,1,1,1
access_izi_using_stock_move_line_business_manager,izi.using.stock.move.line business_manager,izi_use_service_card.model_izi_using_stock_move_line,izi_res_permissions.group_business_manager,1,1,1,1
access_pos_change_payment_business_manager,pos.change.payment business_manager,izi_pos_change_payment.model_pos_change_payment,izi_res_permissions.group_business_manager,1,0,0,0
access_pos_config_business_manager,pos.config business_manager,point_of_sale.model_pos_config,izi_res_permissions.group_business_manager,1,1,0,0
access_pos_customer_deposit_business_manager,pos.customer.deposit business_manager,pos_customer_deposit.model_pos_customer_deposit,izi_res_permissions.group_business_manager,1,1,1,0
access_pos_customer_deposit_line_business_manager,pos.customer.deposit.line business_manager,pos_customer_deposit.model_pos_customer_deposit_line,izi_res_permissions.group_business_manager,1,1,1,1
access_pos_debit_good_business_manager,pos.debit.good business_manager,pos_digital_sign_sum.model_pos_debit_good,izi_res_permissions.group_business_manager,1,1,1,1
access_pos_debit_good_line_business_manager,pos.debit.good.line business_manager,izi_pos_debt_goods.model_pos_debit_good_line,izi_res_permissions.group_business_manager,1,1,1,1
access_pos_destroy_service_business_manager,pos.destroy.service business_manager,pos_digital_sign_sum.model_pos_destroy_service,izi_res_permissions.group_business_manager,1,1,1,1
access_pos_destroy_service_line_business_manager,pos.destroy.service.line business_manager,pos_destroy_service.model_pos_destroy_service_line,izi_res_permissions.group_business_manager,1,1,1,1
access_pos_destroy_service_line_detail_business_manager,pos.destroy.service.line.detail business_manager,pos_destroy_service.model_pos_destroy_service_line_detail,izi_res_permissions.group_business_manager,1,1,1,1
access_pos_order_business_manager,pos.order business_manager,point_of_sale.model_pos_order,izi_res_permissions.group_business_manager,1,1,1,1
access_pos_order_line_business_manager,pos.order.line business_manager,point_of_sale.model_pos_order_line,izi_res_permissions.group_business_manager,1,1,1,0
access_pos_pack_operation_lot_business_manager,pos.pack.operation.lot business_manager,point_of_sale.model_pos_pack_operation_lot,izi_res_permissions.group_business_manager,1,1,1,1
access_pos_payment_destroy_service_business_manager,pos.payment.destroy.service business_manager,pos_destroy_service.model_pos_payment_destroy_service,izi_res_permissions.group_business_manager,1,1,1,1
access_pos_payment_service_business_manager,pos.payment.service business_manager,pos_payment_multi_currency.model_pos_payment_service,izi_res_permissions.group_business_manager,1,0,0,0
access_pos_revenue_allocation_business_manager,pos.revenue.allocation business_manager,pos_revenue_allocation.model_pos_revenue_allocation,izi_res_permissions.group_business_manager,1,1,1,1
access_pos_revenue_allocation_line_business_manager,pos.revenue.allocation.line business_manager,pos_revenue_allocation.model_pos_revenue_allocation_line,izi_res_permissions.group_business_manager,1,1,1,1
access_pos_service_bed_business_manager,pos.service.bed business_manager,izi_view_sync.model_pos_service_bed,izi_res_permissions.group_business_manager,1,1,0,0
access_pos_service_room_business_manager,pos.service.room business_manager,izi_manage_room.model_pos_service_room,izi_res_permissions.group_business_manager,1,0,0,0
access_pos_session_business_manager,pos.session business_manager,point_of_sale.model_pos_session,izi_res_permissions.group_business_manager,1,1,1,1
access_pos_sum_digital_sign_business_manager,pos.sum.digital.sign business_manager,pos_digital_sign_sum.model_pos_sum_digital_sign,izi_res_permissions.group_business_manager,1,1,1,1
access_pos_user_material_business_manager,pos.user.material business_manager,izi_use_service_card.model_pos_user_material,izi_res_permissions.group_business_manager,1,1,1,1
access_pos_virtual_money_business_manager,pos.virtual.money business_manager,izi_virtual_money.model_pos_virtual_money,izi_res_permissions.group_business_manager,1,1,1,1
access_pos_work_service_allocation_business_manager,pos.work.service.allocation business_manager,pos_work_service_allocation.model_pos_work_service_allocation,izi_res_permissions.group_business_manager,1,1,1,1
access_pos_work_service_allocation_line_business_manager,pos.work.service.allocation.line business_manager,pos_work_service_allocation.model_pos_work_service_allocation_line,izi_res_permissions.group_business_manager,1,1,1,0
access_product_delivery_line_business_manager,product.delivery.line business_manager,izi_product_in_out.model_product_delivery_line,izi_res_permissions.group_business_manager,1,0,0,0
access_res_brand_business_manager,res.brand business_manager,izi_brand.model_res_brand,izi_res_permissions.group_business_manager,1,0,0,0
access_res_partner_business_manager,res.partner business_manager,mail.model_res_partner,izi_res_permissions.group_business_manager,1,1,1,1
access_service_bom_business_manager,service.bom business_manager,izi_use_service_card.model_service_bom,izi_res_permissions.group_business_manager,1,0,0,0
access_service_bom_line_business_manager,service.bom.line business_manager,izi_use_service_card.model_service_bom_line,izi_res_permissions.group_business_manager,1,0,0,0
access_stock_move_business_manager,stock.move business_manager,stock.model_stock_move,izi_res_permissions.group_business_manager,1,1,1,1
access_stock_picking_business_manager,stock.picking business_manager,stock.model_stock_picking,izi_res_permissions.group_business_manager,1,1,1,1
access_stock_production_lot_business_manager,stock.production.lot business_manager,stock.model_stock_production_lot,izi_res_permissions.group_business_manager,1,1,0,0
access_tmp_service_card_using_business_manager,tmp.service.card.using business_manager,izi_use_service_card.model_tmp_service_card_using,izi_res_permissions.group_business_manager,1,0,0,0
access_partner_interaction_business_manager,partner.interaction business_manager,izi_crm_interaction.model_partner_interaction,izi_res_permissions.group_business_manager,1,1,1,1
access_partner_interaction_type_business_manager,partner.interaction.type business_manager,izi_crm_interaction.model_partner_interaction_type,izi_res_permissions.group_business_manager,1,1,1,1
access_product_service_remind_business_manager,product.service.remind business_manager,izi_crm_interaction.model_product_service_remind,izi_res_permissions.group_business_manager,1,1,1,1
,,,,,,,
access_account_account_type_revenue_accountant,account.account.type revenue_accountant,account.model_account_account_type,izi_res_permissions.group_revenue_accountant,1,0,0,0
access_account_analytic_line_revenue_accountant,account.analytic.line revenue_accountant,analytic.model_account_analytic_line,izi_res_permissions.group_revenue_accountant,1,0,0,0
access_account_bank_statement_revenue_accountant,account.bank.statement revenue_accountant,account.model_account_bank_statement,izi_res_permissions.group_revenue_accountant,1,0,0,0
access_account_bank_statement_line_revenue_accountant,account.bank.statement.line revenue_accountant,account.model_account_bank_statement_line,izi_res_permissions.group_revenue_accountant,1,0,0,0
access_account_cash_revenue_accountant,account.cash revenue_accountant,cash_management.model_account_cash,izi_res_permissions.group_revenue_accountant,1,0,0,0
access_account_cash_line_revenue_accountant,account.cash.line revenue_accountant,cash_management.model_account_cash_line,izi_res_permissions.group_revenue_accountant,1,0,0,0
access_account_full_reconcile_revenue_accountant,account.full.reconcile revenue_accountant,account.model_account_full_reconcile,izi_res_permissions.group_revenue_accountant,1,0,0,0
access_account_invoice_revenue_accountant,account.invoice revenue_accountant,account.model_account_invoice,izi_res_permissions.group_revenue_accountant,1,0,0,0
access_account_invoice_line_revenue_accountant,account.invoice.line revenue_accountant,account.model_account_invoice_line,izi_res_permissions.group_revenue_accountant,1,0,0,0
access_account_invoice_tax_revenue_accountant,account.invoice.tax revenue_accountant,account.model_account_invoice_tax,izi_res_permissions.group_revenue_accountant,1,0,0,0
access_account_move_revenue_accountant,account.move revenue_accountant,account.model_account_move,izi_res_permissions.group_revenue_accountant,1,0,0,0
access_account_move_line_revenue_accountant,account.move.line revenue_accountant,account.model_account_move_line,izi_res_permissions.group_revenue_accountant,1,0,0,0
access_account_partial_reconcile_revenue_accountant,account.partial.reconcile revenue_accountant,account.model_account_partial_reconcile,izi_res_permissions.group_revenue_accountant,1,0,0,0
access_account_payment_revenue_accountant,account.payment revenue_accountant,account.model_account_payment,izi_res_permissions.group_revenue_accountant,1,0,0,0
access_crm_lead_revenue_accountant,crm.lead revenue_accountant,crm.model_crm_lead,izi_res_permissions.group_revenue_accountant,1,0,0,0
access_crm_stage_revenue_accountant,crm.stage revenue_accountant,crm.model_crm_stage,izi_res_permissions.group_revenue_accountant,1,0,0,0
access_crm_vip_customer_revenue_revenue_accountant,crm.vip.customer.revenue revenue_accountant,izi_vip.model_crm_vip_customer_revenue,izi_res_permissions.group_revenue_accountant,1,0,0,0
access_hr_job_revenue_accountant,hr.job revenue_accountant,hr.model_hr_job,izi_res_permissions.group_revenue_accountant,1,0,0,0
access_izi_crm_lead_quotes_revenue_accountant,izi.crm.lead.quotes revenue_accountant,izi_crm_lead.model_izi_crm_lead_quotes,izi_res_permissions.group_revenue_accountant,1,0,0,0
access_izi_current_exchange_service_revenue_accountant,izi.current.exchange.service revenue_accountant,izi_pos_exchange_service.model_izi_current_exchange_service,izi_res_permissions.group_revenue_accountant,1,0,0,0
access_izi_images_revenue_accountant,izi.images revenue_accountant,izi_use_service_card.model_izi_images,izi_res_permissions.group_revenue_accountant,1,0,0,0
access_izi_new_exchange_service_revenue_accountant,izi.new.exchange.service revenue_accountant,izi_pos_exchange_service.model_izi_new_exchange_service,izi_res_permissions.group_revenue_accountant,1,0,0,0
access_izi_new_exchange_service_revenue_accountant_,izi.new.exchange.service revenue_accountant ,izi_pos_exchange_service.model_izi_new_exchange_service,izi_res_permissions.group_revenue_accountant,1,0,0,0
access_izi_pos_exchange_service_revenue_accountant,izi.pos.exchange.service revenue_accountant,pos_digital_sign_sum.model_izi_pos_exchange_service,izi_res_permissions.group_revenue_accountant,1,0,0,0
access_izi_product_release_revenue_accountant,izi.product.release revenue_accountant,izi_product_release.model_izi_product_release,izi_res_permissions.group_revenue_accountant,1,0,0,0
access_izi_service_card_detail_revenue_accountant,izi.service.card.detail revenue_accountant,izi_product_release.model_izi_service_card_detail,izi_res_permissions.group_revenue_accountant,1,0,0,0
access_izi_service_card_using_revenue_accountant,izi.service.card.using revenue_accountant,pos_work_service_allocation.model_izi_service_card_using,izi_res_permissions.group_revenue_accountant,1,0,0,0
access_izi_service_card_using_line_revenue_accountant,izi.service.card.using.line revenue_accountant ,izi_manage_room.model_izi_service_card_using_line,izi_res_permissions.group_revenue_accountant,1,0,0,0
access_izi_using_stock_move_line_revenue_accountant,izi.using.stock.move.line revenue_accountant,izi_use_service_card.model_izi_using_stock_move_line,izi_res_permissions.group_revenue_accountant,1,0,0,0
access_pos_change_payment_revenue_accountant,pos.change.payment revenue_accountant,izi_pos_change_payment.model_pos_change_payment,izi_res_permissions.group_revenue_accountant,1,0,0,0
access_pos_config_revenue_accountant,pos.config revenue_accountant,point_of_sale.model_pos_config,izi_res_permissions.group_revenue_accountant,1,0,0,0
access_pos_customer_deposit_revenue_accountant,pos.customer.deposit revenue_accountant,pos_customer_deposit.model_pos_customer_deposit,izi_res_permissions.group_revenue_accountant,1,0,0,0
access_pos_customer_deposit_line_revenue_accountant,pos.customer.deposit.line revenue_accountant,pos_customer_deposit.model_pos_customer_deposit_line,izi_res_permissions.group_revenue_accountant,1,0,0,0
access_pos_debit_good_revenue_accountant,pos.debit.good revenue_accountant,pos_digital_sign_sum.model_pos_debit_good,izi_res_permissions.group_revenue_accountant,1,0,0,0
access_pos_debit_good_line_revenue_accountant,pos.debit.good.line revenue_accountant,izi_pos_debt_goods.model_pos_debit_good_line,izi_res_permissions.group_revenue_accountant,1,0,0,0
access_pos_destroy_service_revenue_accountant,pos.destroy.service revenue_accountant,pos_digital_sign_sum.model_pos_destroy_service,izi_res_permissions.group_revenue_accountant,1,0,0,0
access_pos_destroy_service_line_revenue_accountant,pos.destroy.service.line revenue_accountant,pos_destroy_service.model_pos_destroy_service_line,izi_res_permissions.group_revenue_accountant,1,0,0,0
access_pos_destroy_service_line_detail_revenue_accountant,pos.destroy.service.line.detail revenue_accountant,pos_destroy_service.model_pos_destroy_service_line_detail,izi_res_permissions.group_revenue_accountant,1,0,0,0
access_pos_order_revenue_accountant,pos.order revenue_accountant,point_of_sale.model_pos_order,izi_res_permissions.group_revenue_accountant,1,0,0,0
access_pos_order_line_revenue_accountant,pos.order.line revenue_accountant,point_of_sale.model_pos_order_line,izi_res_permissions.group_revenue_accountant,1,0,0,0
access_pos_pack_operation_lot_revenue_accountant,pos.pack.operation.lot revenue_accountant,point_of_sale.model_pos_pack_operation_lot,izi_res_permissions.group_revenue_accountant,1,0,0,0
access_pos_payment_destroy_service_revenue_accountant,pos.payment.destroy.service revenue_accountant,pos_destroy_service.model_pos_payment_destroy_service,izi_res_permissions.group_revenue_accountant,1,0,0,0
access_pos_payment_service_revenue_accountant,pos.payment.service revenue_accountant,pos_payment_multi_currency.model_pos_payment_service,izi_res_permissions.group_revenue_accountant,1,0,0,0
access_pos_revenue_allocation_revenue_accountant,pos.revenue.allocation revenue_accountant,pos_revenue_allocation.model_pos_revenue_allocation,izi_res_permissions.group_revenue_accountant,1,0,0,0
access_pos_revenue_allocation_line_revenue_accountant,pos.revenue.allocation.line revenue_accountant,pos_revenue_allocation.model_pos_revenue_allocation_line,izi_res_permissions.group_revenue_accountant,1,0,0,0
access_pos_service_bed_revenue_accountant,pos.service.bed revenue_accountant,izi_view_sync.model_pos_service_bed,izi_res_permissions.group_revenue_accountant,1,0,0,0
access_pos_service_room_revenue_accountant,pos.service.room revenue_accountant,izi_manage_room.model_pos_service_room,izi_res_permissions.group_revenue_accountant,1,0,0,0
access_pos_session_revenue_accountant,pos.session revenue_accountant,point_of_sale.model_pos_session,izi_res_permissions.group_revenue_accountant,1,0,0,0
access_pos_sum_digital_sign_revenue_accountant,pos.sum.digital.sign revenue_accountant,pos_digital_sign_sum.model_pos_sum_digital_sign,izi_res_permissions.group_revenue_accountant,1,0,0,0
access_pos_user_material_revenue_accountant,pos.user.material revenue_accountant,izi_use_service_card.model_pos_user_material,izi_res_permissions.group_revenue_accountant,1,0,0,0
access_pos_virtual_money_revenue_accountant,pos.virtual.money revenue_accountant,izi_virtual_money.model_pos_virtual_money,izi_res_permissions.group_revenue_accountant,1,0,0,0
access_pos_work_service_allocation_revenue_accountant,pos.work.service.allocation revenue_accountant,pos_work_service_allocation.model_pos_work_service_allocation,izi_res_permissions.group_revenue_accountant,1,0,0,0
access_pos_work_service_allocation_line_revenue_accountant,pos.work.service.allocation.line revenue_accountant,pos_work_service_allocation.model_pos_work_service_allocation_line,izi_res_permissions.group_revenue_accountant,1,0,0,0
access_product_delivery_line_revenue_accountant,product.delivery.line revenue_accountant,izi_product_in_out.model_product_delivery_line,izi_res_permissions.group_revenue_accountant,1,0,0,0
access_res_brand_revenue_accountant,res.brand revenue_accountant,izi_brand.model_res_brand,izi_res_permissions.group_revenue_accountant,1,0,0,0
access_res_partner_revenue_accountant,res.partner revenue_accountant,mail.model_res_partner,izi_res_permissions.group_revenue_accountant,1,0,0,0
access_service_bom_revenue_accountant,service.bom revenue_accountant,izi_use_service_card.model_service_bom,izi_res_permissions.group_revenue_accountant,1,0,0,0
access_service_bom_line_revenue_accountant,service.bom.line revenue_accountant,izi_use_service_card.model_service_bom_line,izi_res_permissions.group_revenue_accountant,1,0,0,0
access_stock_move_revenue_accountant,stock.move revenue_accountant,stock.model_stock_move,izi_res_permissions.group_revenue_accountant,1,0,0,0
access_stock_picking_revenue_accountant,stock.picking revenue_accountant,stock.model_stock_picking,izi_res_permissions.group_revenue_accountant,1,0,0,0
access_stock_production_lot_revenue_accountant,stock.production.lot revenue_accountant,stock.model_stock_production_lot,izi_res_permissions.group_revenue_accountant,1,0,0,0
access_tmp_service_card_using_revenue_accountant,tmp.service.card.using revenue_accountant,izi_use_service_card.model_tmp_service_card_using,izi_res_permissions.group_revenue_accountant,1,0,0,0
access_purchase_order_line_revenue_accountant,purchase.order.line revenue_accountant,purchase.model_purchase_order_line,izi_res_permissions.group_revenue_accountant,1,0,0,0
access_stock_warehouse_orderpoint_revenue_accountant,stock.warehouse.orderpoint revenue_accountant,purchase.model_stock_warehouse_orderpoint,izi_res_permissions.group_revenue_accountant,1,0,0,0
access_pos_money_revenue_accountant,pos.money revenue_accountant,izi_pos_money.model_pos_money,izi_res_permissions.group_revenue_accountant,1,0,0,0
access_pos_money_line_revenue_accountant,pos.money.line revenue_accountant,izi_pos_money.model_pos_money_line,izi_res_permissions.group_revenue_accountant,1,0,0,0
,,,,,,,

access_account_account_type_cost_accountant,account.account.type cost_accountant,account.model_account_account_type,izi_res_permissions.group_cost_accountant,1,0,0,0
access_account_analytic_line_cost_accountant,account.analytic.line cost_accountant,analytic.model_account_analytic_line,izi_res_permissions.group_cost_accountant,1,0,0,0
access_account_bank_statement_cost_accountant,account.bank.statement cost_accountant,account.model_account_bank_statement,izi_res_permissions.group_cost_accountant,1,0,0,0
access_account_bank_statement_line_cost_accountant,account.bank.statement.line cost_accountant,account.model_account_bank_statement_line,izi_res_permissions.group_cost_accountant,1,0,0,0
access_account_cash_cost_accountant,account.cash cost_accountant,cash_management.model_account_cash,izi_res_permissions.group_cost_accountant,1,0,0,0
access_account_cash_line_cost_accountant,account.cash.line cost_accountant,cash_management.model_account_cash_line,izi_res_permissions.group_cost_accountant,1,0,0,0
access_account_full_reconcile_cost_accountant,account.full.reconcile cost_accountant,account.model_account_full_reconcile,izi_res_permissions.group_cost_accountant,1,0,0,0
access_account_invoice_cost_accountant,account.invoice cost_accountant,account.model_account_invoice,izi_res_permissions.group_cost_accountant,1,0,0,0
access_account_invoice_line_cost_accountant,account.invoice.line cost_accountant,account.model_account_invoice_line,izi_res_permissions.group_cost_accountant,1,0,0,0
access_account_invoice_tax_cost_accountant,account.invoice.tax cost_accountant,account.model_account_invoice_tax,izi_res_permissions.group_cost_accountant,1,0,0,0
access_account_move_cost_accountant,account.move cost_accountant,account.model_account_move,izi_res_permissions.group_cost_accountant,1,0,0,0
access_account_move_line_cost_accountant,account.move.line cost_accountant,account.model_account_move_line,izi_res_permissions.group_cost_accountant,1,0,0,0
access_account_partial_reconcile_cost_accountant,account.partial.reconcile cost_accountant,account.model_account_partial_reconcile,izi_res_permissions.group_cost_accountant,1,0,0,0
access_account_payment_cost_accountant,account.payment cost_accountant,account.model_account_payment,izi_res_permissions.group_cost_accountant,1,0,0,0
access_crm_lead_cost_accountant,crm.lead cost_accountant,crm.model_crm_lead,izi_res_permissions.group_cost_accountant,1,0,0,0
access_crm_stage_cost_accountant,crm.stage cost_accountant,crm.model_crm_stage,izi_res_permissions.group_cost_accountant,1,0,0,0
access_crm_vip_customer_revenue_cost_accountant,crm.vip.customer.revenue cost_accountant,izi_vip.model_crm_vip_customer_revenue,izi_res_permissions.group_cost_accountant,1,0,0,0
access_hr_job_cost_accountant,hr.job cost_accountant,hr.model_hr_job,izi_res_permissions.group_cost_accountant,1,0,0,0
access_izi_crm_lead_quotes_cost_accountant,izi.crm.lead.quotes cost_accountant,izi_crm_lead.model_izi_crm_lead_quotes,izi_res_permissions.group_cost_accountant,1,0,0,0
access_izi_current_exchange_service_cost_accountant,izi.current.exchange.service cost_accountant,izi_pos_exchange_service.model_izi_current_exchange_service,izi_res_permissions.group_cost_accountant,1,0,0,0
access_izi_images_cost_accountant,izi.images cost_accountant,izi_use_service_card.model_izi_images,izi_res_permissions.group_cost_accountant,1,0,0,0
access_izi_new_exchange_service_cost_accountant,izi.new.exchange.service cost_accountant,izi_pos_exchange_service.model_izi_new_exchange_service,izi_res_permissions.group_cost_accountant,1,0,0,0
access_izi_new_exchange_service_cost_accountant_,izi.new.exchange.service cost_accountant ,izi_pos_exchange_service.model_izi_new_exchange_service,izi_res_permissions.group_cost_accountant,1,0,0,0
access_izi_pos_exchange_service_cost_accountant,izi.pos.exchange.service cost_accountant,pos_digital_sign_sum.model_izi_pos_exchange_service,izi_res_permissions.group_cost_accountant,1,0,0,0
access_izi_product_release_cost_accountant,izi.product.release cost_accountant,izi_product_release.model_izi_product_release,izi_res_permissions.group_cost_accountant,1,0,0,0
access_izi_service_card_detail_cost_accountant,izi.service.card.detail cost_accountant,izi_product_release.model_izi_service_card_detail,izi_res_permissions.group_cost_accountant,1,0,0,0
access_izi_service_card_using_cost_accountant,izi.service.card.using cost_accountant,pos_work_service_allocation.model_izi_service_card_using,izi_res_permissions.group_cost_accountant,1,0,0,0
access_izi_service_card_using_line_cost_accountant,izi.service.card.using.line cost_accountant ,izi_manage_room.model_izi_service_card_using_line,izi_res_permissions.group_cost_accountant,1,0,0,0
access_izi_using_stock_move_line_cost_accountant,izi.using.stock.move.line cost_accountant,izi_use_service_card.model_izi_using_stock_move_line,izi_res_permissions.group_cost_accountant,1,0,0,0
access_pos_change_payment_cost_accountant,pos.change.payment cost_accountant,izi_pos_change_payment.model_pos_change_payment,izi_res_permissions.group_cost_accountant,1,0,0,0
access_pos_config_cost_accountant,pos.config cost_accountant,point_of_sale.model_pos_config,izi_res_permissions.group_cost_accountant,1,0,0,0
access_pos_customer_deposit_cost_accountant,pos.customer.deposit cost_accountant,pos_customer_deposit.model_pos_customer_deposit,izi_res_permissions.group_cost_accountant,1,0,0,0
access_pos_customer_deposit_line_cost_accountant,pos.customer.deposit.line cost_accountant,pos_customer_deposit.model_pos_customer_deposit_line,izi_res_permissions.group_cost_accountant,1,0,0,0
access_pos_debit_good_cost_accountant,pos.debit.good cost_accountant,pos_digital_sign_sum.model_pos_debit_good,izi_res_permissions.group_cost_accountant,1,0,0,0
access_pos_debit_good_line_cost_accountant,pos.debit.good.line cost_accountant,izi_pos_debt_goods.model_pos_debit_good_line,izi_res_permissions.group_cost_accountant,1,0,0,0
access_pos_destroy_service_cost_accountant,pos.destroy.service cost_accountant,pos_digital_sign_sum.model_pos_destroy_service,izi_res_permissions.group_cost_accountant,1,0,0,0
access_pos_destroy_service_line_cost_accountant,pos.destroy.service.line cost_accountant,pos_destroy_service.model_pos_destroy_service_line,izi_res_permissions.group_cost_accountant,1,0,0,0
access_pos_destroy_service_line_detail_cost_accountant,pos.destroy.service.line.detail cost_accountant,pos_destroy_service.model_pos_destroy_service_line_detail,izi_res_permissions.group_cost_accountant,1,0,0,0
access_pos_order_cost_accountant,pos.order cost_accountant,point_of_sale.model_pos_order,izi_res_permissions.group_cost_accountant,1,0,0,0
access_pos_order_line_cost_accountant,pos.order.line cost_accountant,point_of_sale.model_pos_order_line,izi_res_permissions.group_cost_accountant,1,0,0,0
access_pos_pack_operation_lot_cost_accountant,pos.pack.operation.lot cost_accountant,point_of_sale.model_pos_pack_operation_lot,izi_res_permissions.group_cost_accountant,1,0,0,0
access_pos_payment_destroy_service_cost_accountant,pos.payment.destroy.service cost_accountant,pos_destroy_service.model_pos_payment_destroy_service,izi_res_permissions.group_cost_accountant,1,0,0,0
access_pos_payment_service_cost_accountant,pos.payment.service cost_accountant,pos_payment_multi_currency.model_pos_payment_service,izi_res_permissions.group_cost_accountant,1,0,0,0
access_pos_revenue_allocation_cost_accountant,pos.revenue.allocation cost_accountant,pos_revenue_allocation.model_pos_revenue_allocation,izi_res_permissions.group_cost_accountant,1,0,0,0
access_pos_revenue_allocation_line_cost_accountant,pos.revenue.allocation.line cost_accountant,pos_revenue_allocation.model_pos_revenue_allocation_line,izi_res_permissions.group_cost_accountant,1,0,0,0
access_pos_service_bed_cost_accountant,pos.service.bed cost_accountant,izi_view_sync.model_pos_service_bed,izi_res_permissions.group_cost_accountant,1,0,0,0
access_pos_service_room_cost_accountant,pos.service.room cost_accountant,izi_manage_room.model_pos_service_room,izi_res_permissions.group_cost_accountant,1,0,0,0
access_pos_session_cost_accountant,pos.session cost_accountant,point_of_sale.model_pos_session,izi_res_permissions.group_cost_accountant,1,0,0,0
access_pos_sum_digital_sign_cost_accountant,pos.sum.digital.sign cost_accountant,pos_digital_sign_sum.model_pos_sum_digital_sign,izi_res_permissions.group_cost_accountant,1,0,0,0
access_pos_user_material_cost_accountant,pos.user.material cost_accountant,izi_use_service_card.model_pos_user_material,izi_res_permissions.group_cost_accountant,1,0,0,0
access_pos_virtual_money_cost_accountant,pos.virtual.money cost_accountant,izi_virtual_money.model_pos_virtual_money,izi_res_permissions.group_cost_accountant,1,0,0,0
access_pos_virtual_money_history_cost_accountant,pos.virtual.money.history cost_accountant,izi_virtual_money.model_pos_virtual_money_history,izi_res_permissions.group_cost_accountant,1,0,0,0
access_pos_work_service_allocation_cost_accountant,pos.work.service.allocation cost_accountant,pos_work_service_allocation.model_pos_work_service_allocation,izi_res_permissions.group_cost_accountant,1,0,0,0
access_pos_work_service_allocation_line_cost_accountant,pos.work.service.allocation.line cost_accountant,pos_work_service_allocation.model_pos_work_service_allocation_line,izi_res_permissions.group_cost_accountant,1,0,0,0
access_product_delivery_line_cost_accountant,product.delivery.line cost_accountant,izi_product_in_out.model_product_delivery_line,izi_res_permissions.group_cost_accountant,1,0,0,0
access_res_brand_cost_accountant,res.brand cost_accountant,izi_brand.model_res_brand,izi_res_permissions.group_cost_accountant,1,0,0,0
access_res_partner_cost_accountant,res.partner cost_accountant,mail.model_res_partner,izi_res_permissions.group_cost_accountant,1,0,0,0
access_service_bom_cost_accountant,service.bom cost_accountant,izi_use_service_card.model_service_bom,izi_res_permissions.group_cost_accountant,1,0,0,0
access_service_bom_line_cost_accountant,service.bom.line cost_accountant,izi_use_service_card.model_service_bom_line,izi_res_permissions.group_cost_accountant,1,0,0,0
access_stock_move_cost_accountant,stock.move cost_accountant,stock.model_stock_move,izi_res_permissions.group_cost_accountant,1,0,0,0
access_stock_picking_cost_accountant,stock.picking cost_accountant,stock.model_stock_picking,izi_res_permissions.group_cost_accountant,1,0,0,0
access_stock_production_lot_cost_accountant,stock.production.lot cost_accountant,stock.model_stock_production_lot,izi_res_permissions.group_cost_accountant,1,0,0,0
access_tmp_service_card_using_cost_accountant,tmp.service.card.using cost_accountant,izi_use_service_card.model_tmp_service_card_using,izi_res_permissions.group_cost_accountant,1,0,0,0
access_purchase_order_line_cost_accountant,purchase.order.line cost_accountant,purchase.model_purchase_order_line,izi_res_permissions.group_cost_accountant,1,0,0,0
access_stock_warehouse_orderpoint_cost_accountant,stock.warehouse.orderpoint cost_accountant,purchase.model_stock_warehouse_orderpoint,izi_res_permissions.group_cost_accountant,1,0,0,0
access_pos_money_cost_accountant,pos.money cost_accountant,izi_pos_money.model_pos_money,izi_res_permissions.group_cost_accountant,1,0,0,0
access_pos_money_line_cost_accountant,pos.money.line cost_accountant,izi_pos_money.model_pos_money_line,izi_res_permissions.group_cost_accountant,1,0,0,0
,,,,,,,
access_product_name_set,product.name.set ,product_custom.model_product_name_set,,1,1,1,1
access_pos_debit_good_history,pos.debit.good.history ,izi_pos_debt_goods.model_pos_debit_good_history,,1,1,1,1
